[
  {
    "id": "4440315c-069b-4c61-a51d-be63c3e03db6",
    "data": [
      {
        "text": "Alcohol",
        "userDefined": false
      }
    ],
    "isTemplate": false,
    "count": 0,
    "lang": "en",
    "updated": 0
  },
  {
    "id": "80a343fb-0918-46b8-9150-47b0a53e17a2",
    "data": [
      {
        "text": "Juices",
        "userDefined": false
      }
    ],
    "isTemplate": false,
    "count": 0,
    "lang": "en",
    "updated": 0
  },
  {
    "id": "157f385a-ad45-434a-9df3-ccc0fe7e7054",
    "data": [
      {
        "text": "Drinks",
        "userDefined": false
      }
    ],
    "isTemplate": false,
    "count": 0,
    "lang": "en",
    "updated": 0
  },
  {
    "id": "1b84a936-590f-41ad-b66a-439447a75bb8",
    "data": [
      {
        "text": "Beverage",
        "userDefined": false
      }
    ],
    "isTemplate": false,
    "count": 0,
    "lang": "en",
    "updated": 0
  }
]