[
  {
    "id": "abe680c7-5e2a-4a93-a045-b18570e45475",
    "data": [
      {
        "text": "cities",
        "userDefined": false
      }
    ],
    "isTemplate": false,
    "count": 0,
    "lang": "en",
    "updated": 0
  },
  {
    "id": "c909928f-a66f-40bc-b2ed-3e87d7ede018",
    "data": [
      {
        "text": "city",
        "userDefined": false
      }
    ],
    "isTemplate": false,
    "count": 0,
    "lang": "en",
    "updated": 0
  },
  {
    "id": "f4da2c04-8d31-41d6-b1c9-e56c09096789",
    "data": [
      {
        "text": "capital cities",
        "userDefined": false
      }
    ],
    "isTemplate": false,
    "count": 0,
    "lang": "en",
    "updated": 0
  },
  {
    "id": "9263a743-d4d6-4f8c-98b6-d52d7b9495d6",
    "data": [
      {
        "text": "capital",
        "userDefined": false
      }
    ],
    "isTemplate": false,
    "count": 0,
    "lang": "en",
    "updated": 0
  },
  {
    "id": "8eb95316-3769-4f17-8c82-024c5d0a2c90",
    "data": [
      {
        "text": "Capitals",
        "userDefined": false
      }
    ],
    "isTemplate": false,
    "count": 0,
    "lang": "en",
    "updated": 0
  }
]