[
  {
    "id": "3060716a-9ee6-4664-8ea0-aa401e8e292d",
    "data": [
      {
        "text": "travelmate",
        "userDefined": false
      }
    ],
    "isTemplate": false,
    "count": 0,
    "lang": "en",
    "updated": 0
  },
  {
    "id": "60f0baa9-009c-48df-aa0c-e08b9a47c54c",
    "data": [
      {
        "text": "Burma (Myanmar)",
        "userDefined": false
      }
    ],
    "isTemplate": false,
    "count": 0,
    "lang": "en",
    "updated": 0
  },
  {
    "id": "75a6e37c-65f6-47c3-846c-0d90263b1d8b",
    "data": [
      {
        "text": "Burma",
        "meta": "@sys.geo-country",
        "alias": "geo-country",
        "userDefined": false
      }
    ],
    "isTemplate": false,
    "count": 0,
    "lang": "en",
    "updated": 0
  },
  {
    "id": "aba1a597-cff7-4c40-9c29-53e4ffdda97f",
    "data": [
      {
        "text": "Myanmar",
        "meta": "@sys.geo-country",
        "alias": "geo-country",
        "userDefined": false
      },
      {
        "text": " Trip Planning",
        "userDefined": false
      }
    ],
    "isTemplate": false,
    "count": 0,
    "lang": "en",
    "updated": 0
  },
  {
    "id": "eeb6ed8f-bcc1-4055-9c58-d2446fbe3923",
    "data": [
      {
        "text": "Hi",
        "userDefined": false
      }
    ],
    "isTemplate": false,
    "count": 0,
    "lang": "en",
    "updated": 0
  },
  {
    "id": "1a0fe623-58b0-49fa-be4d-95570faaffcc",
    "data": [
      {
        "text": "Hey",
        "userDefined": false
      }
    ],
    "isTemplate": false,
    "count": 0,
    "lang": "en",
    "updated": 0
  },
  {
    "id": "46193546-1347-46e4-afb3-3375b0274743",
    "data": [
      {
        "text": "Hello",
        "userDefined": false
      }
    ],
    "isTemplate": false,
    "count": 0,
    "lang": "en",
    "updated": 0
  },
  {
    "id": "66686816-9902-4bc0-bbbb-7304cbc2b66e",
    "data": [
      {
        "text": "What\u0027s up",
        "userDefined": false
      }
    ],
    "isTemplate": false,
    "count": 0,
    "lang": "en",
    "updated": 0
  },
  {
    "id": "4882272f-7ee9-466d-b02a-56b11b017416",
    "data": [
      {
        "text": "hey there",
        "userDefined": false
      }
    ],
    "isTemplate": false,
    "count": 0,
    "lang": "en",
    "updated": 0
  },
  {
    "id": "e917b57e-3791-404d-9de2-17df4724ec4f",
    "data": [
      {
        "text": "Mingalarpar",
        "userDefined": false
      }
    ],
    "isTemplate": false,
    "count": 0,
    "lang": "en",
    "updated": 0
  },
  {
    "id": "be8d808e-26c0-4336-a9ef-a3ea3c3b9538",
    "data": [
      {
        "text": "Mingalarbar",
        "userDefined": false
      }
    ],
    "isTemplate": false,
    "count": 0,
    "lang": "en",
    "updated": 0
  }
]