[
  {
    "id": "31693175-2bf1-4fdb-a0fe-2045fa8de270",
    "data": [
      {
        "text": "rainy season",
        "userDefined": false
      }
    ],
    "isTemplate": false,
    "count": 0,
    "lang": "en",
    "updated": 0
  },
  {
    "id": "7ab2ab3c-0965-42d7-a574-ab040d61016c",
    "data": [
      {
        "text": "monsoon",
        "userDefined": false
      }
    ],
    "isTemplate": false,
    "count": 0,
    "lang": "en",
    "updated": 0
  },
  {
    "id": "ab67a104-b3b2-4ffb-9d5e-c0a65e5ee91e",
    "data": [
      {
        "text": "moe",
        "meta": "@sys.person",
        "alias": "person",
        "userDefined": false
      }
    ],
    "isTemplate": false,
    "count": 0,
    "lang": "en",
    "updated": 0
  }
]