[
  {
    "id": "92a52bdb-c082-4276-a9e7-e454660c233b",
    "data": [
      {
        "text": "hot season",
        "userDefined": false
      }
    ],
    "isTemplate": false,
    "count": 1,
    "lang": "en",
    "updated": 0
  },
  {
    "id": "00c48527-2147-4a77-a54a-b5af5f3c2c75",
    "data": [
      {
        "text": "nway",
        "userDefined": false
      }
    ],
    "isTemplate": false,
    "count": 0,
    "lang": "en",
    "updated": 0
  },
  {
    "id": "c1548cde-c0fd-4e93-9879-21efbd0fd859",
    "data": [
      {
        "text": "summer",
        "meta": "@sys.date-period",
        "alias": "date-period",
        "userDefined": false
      }
    ],
    "isTemplate": false,
    "count": 0,
    "lang": "en",
    "updated": 0
  }
]