[
  {
    "id": "e0326757-0cf0-4467-a865-7d5493ddfa22",
    "data": [
      {
        "text": "There are something I wonder to know.",
        "userDefined": false
      }
    ],
    "isTemplate": false,
    "count": 0,
    "lang": "en",
    "updated": 0
  },
  {
    "id": "935417cb-7b32-4d1e-82fb-aa9ea6f4a3ff",
    "data": [
      {
        "text": "questions",
        "userDefined": false
      }
    ],
    "isTemplate": false,
    "count": 0,
    "lang": "en",
    "updated": 0
  },
  {
    "id": "671d4a80-ed74-410a-997a-6a9a06eac973",
    "data": [
      {
        "text": "further questions",
        "userDefined": false
      }
    ],
    "isTemplate": false,
    "count": 0,
    "lang": "en",
    "updated": 0
  },
  {
    "id": "92824413-00e7-4aa9-9703-4cf2a20996e4",
    "data": [
      {
        "text": "ask questions",
        "userDefined": false
      }
    ],
    "isTemplate": false,
    "count": 0,
    "lang": "en",
    "updated": 0
  },
  {
    "id": "aa6a3f6c-b328-428f-8e75-b9b49bf2df73",
    "data": [
      {
        "text": "can I ask you any further questions?",
        "userDefined": false
      }
    ],
    "isTemplate": false,
    "count": 0,
    "lang": "en",
    "updated": 0
  }
]