[
  {
    "id": "45b742ee-d148-4d15-a457-6ece9b232f13",
    "data": [
      {
        "text": "cold season",
        "userDefined": false
      }
    ],
    "isTemplate": false,
    "count": 0,
    "lang": "en",
    "updated": 0
  },
  {
    "id": "484df68d-7fdf-45fc-a7d4-627a874ac1b6",
    "data": [
      {
        "text": "winter",
        "meta": "@sys.date-period",
        "alias": "date-period",
        "userDefined": false
      }
    ],
    "isTemplate": false,
    "count": 0,
    "lang": "en",
    "updated": 0
  },
  {
    "id": "6e85a096-7328-41f6-8765-049e6d3c2544",
    "data": [
      {
        "text": "saung",
        "userDefined": false
      }
    ],
    "isTemplate": false,
    "count": 0,
    "lang": "en",
    "updated": 0
  }
]