[
  {
    "id": "8b248ce6-0c7a-47b1-97b2-a80d5c039584",
    "data": [
      {
        "text": "can you suggest by yourself?",
        "userDefined": false
      }
    ],
    "isTemplate": false,
    "count": 0,
    "lang": "en",
    "updated": 0
  },
  {
    "id": "1b726926-d094-46c3-a607-b053275884dc",
    "data": [
      {
        "text": "which places are top places to visit?",
        "userDefined": false
      }
    ],
    "isTemplate": false,
    "count": 0,
    "lang": "en",
    "updated": 0
  },
  {
    "id": "1b56efaf-0150-4fa5-8c9f-3cf172e9dbfc",
    "data": [
      {
        "text": "Which destinations are a must visit?",
        "userDefined": false
      }
    ],
    "isTemplate": false,
    "count": 0,
    "lang": "en",
    "updated": 0
  },
  {
    "id": "a04396ef-18aa-4b73-87f6-40af2544e9b9",
    "data": [
      {
        "text": "I don\u0027t know my travel style, please suggest me.",
        "userDefined": false
      }
    ],
    "isTemplate": false,
    "count": 0,
    "lang": "en",
    "updated": 0
  },
  {
    "id": "7eedc5aa-68fd-43b3-beb1-7ade30aa1453",
    "data": [
      {
        "text": "I have no idea which trave type I like, please provide me some suggestion.",
        "userDefined": false
      }
    ],
    "isTemplate": false,
    "count": 0,
    "lang": "en",
    "updated": 0
  },
  {
    "id": "392f5311-53a2-4cbb-873f-1a060bce22df",
    "data": [
      {
        "text": "plan yourself",
        "userDefined": false
      }
    ],
    "isTemplate": false,
    "count": 0,
    "lang": "en",
    "updated": 0
  },
  {
    "id": "f901d1cf-ce6f-481a-ad85-fcb6860715a6",
    "data": [
      {
        "text": "can you recommend for me?",
        "userDefined": false
      }
    ],
    "isTemplate": false,
    "count": 0,
    "lang": "en",
    "updated": 0
  },
  {
    "id": "e37b32b6-6b67-4c2a-b447-30f6be594801",
    "data": [
      {
        "text": "Tailor Suggestion",
        "userDefined": false
      }
    ],
    "isTemplate": false,
    "count": 0,
    "lang": "en",
    "updated": 0
  },
  {
    "id": "eba60106-4049-49f1-ace1-246cbabe29de",
    "data": [
      {
        "text": "please plan a trip for me",
        "userDefined": false
      }
    ],
    "isTemplate": false,
    "count": 0,
    "lang": "en",
    "updated": 0
  }
]