[
  {
    "id": "e70ce010-4750-44f5-976e-ed657b027d15",
    "data": [
      {
        "text": "thanks",
        "userDefined": false
      }
    ],
    "isTemplate": false,
    "count": 0,
    "lang": "en",
    "updated": 0
  },
  {
    "id": "2fb43b17-8c2b-4db3-995c-e049be25bb83",
    "data": [
      {
        "text": "thank you",
        "userDefined": false
      }
    ],
    "isTemplate": false,
    "count": 0,
    "lang": "en",
    "updated": 0
  },
  {
    "id": "530d1dd8-af26-4faf-963f-b7f8b0065451",
    "data": [
      {
        "text": "thz",
        "userDefined": false
      }
    ],
    "isTemplate": false,
    "count": 0,
    "lang": "en",
    "updated": 0
  },
  {
    "id": "18539438-5323-4a2d-8c71-5fd2ed307b0b",
    "data": [
      {
        "text": "thx",
        "userDefined": false
      }
    ],
    "isTemplate": false,
    "count": 0,
    "lang": "en",
    "updated": 0
  },
  {
    "id": "a906ecc6-5a96-4368-93c7-e2034647354c",
    "data": [
      {
        "text": "thank you for advising me",
        "userDefined": false
      }
    ],
    "isTemplate": false,
    "count": 0,
    "lang": "en",
    "updated": 0
  },
  {
    "id": "a4357e51-9038-478c-95aa-b5e8eca220d9",
    "data": [
      {
        "text": "I am thankful for planning a trip",
        "userDefined": false
      }
    ],
    "isTemplate": false,
    "count": 0,
    "lang": "en",
    "updated": 0
  },
  {
    "id": "47436473-34e4-40f0-a1bb-3685983420e0",
    "data": [
      {
        "text": "see you soon",
        "userDefined": false
      }
    ],
    "isTemplate": false,
    "count": 0,
    "lang": "en",
    "updated": 0
  },
  {
    "id": "c0cd69c1-35f3-47a4-9579-cc121501629b",
    "data": [
      {
        "text": "kyay zuu pr",
        "userDefined": false
      }
    ],
    "isTemplate": false,
    "count": 0,
    "lang": "en",
    "updated": 0
  },
  {
    "id": "67cbf0a3-64d6-4c29-9d34-d6659c716c6c",
    "data": [
      {
        "text": "kyay zuu tin par ",
        "userDefined": false
      },
      {
        "text": "tal",
        "meta": "@sys.person",
        "alias": "person",
        "userDefined": false
      }
    ],
    "isTemplate": false,
    "count": 0,
    "lang": "en",
    "updated": 0
  },
  {
    "id": "e36f51b6-0b00-4d78-9f26-76e5995c66f5",
    "data": [
      {
        "text": "ok",
        "userDefined": false
      }
    ],
    "isTemplate": false,
    "count": 0,
    "lang": "en",
    "updated": 0
  },
  {
    "id": "8b5a91b6-78b4-4d46-8d76-1c9d74664e3c",
    "data": [
      {
        "text": "k",
        "userDefined": false
      }
    ],
    "isTemplate": false,
    "count": 0,
    "lang": "en",
    "updated": 0
  },
  {
    "id": "5d432e2d-0085-45b4-88e9-ad9376224875",
    "data": [
      {
        "text": "okay",
        "userDefined": false
      }
    ],
    "isTemplate": false,
    "count": 1,
    "lang": "en",
    "updated": 0
  }
]