[
  {
    "id": "96523d0a-55fa-4b71-811a-36c27fa3afc3",
    "data": [
      {
        "text": "season",
        "userDefined": false
      }
    ],
    "isTemplate": false,
    "count": 0,
    "lang": "en",
    "updated": 0
  },
  {
    "id": "3512c4d5-fbc1-4371-bfcf-6ec428346112",
    "data": [
      {
        "text": "climate",
        "userDefined": false
      }
    ],
    "isTemplate": false,
    "count": 0,
    "lang": "en",
    "updated": 0
  },
  {
    "id": "724a4f72-3617-4a59-b968-680069807f3f",
    "data": [
      {
        "text": "weather",
        "userDefined": false
      }
    ],
    "isTemplate": false,
    "count": 0,
    "lang": "en",
    "updated": 0
  }
]